Benchmark,Device,Device Name,Key,Word,BlockBits,NumInputs,FilterSizeMB,PatternBitsPerWord,Skipped,FalsePositiveRate,PatternBits,HBWPeak,L2HitRate,Samples,Samples,CPU Time (sec),Noise,GPU Time (sec),Noise,Elem/s (elem/sec)
bloom_filter_fpr,0,NVIDIA B200,U64,U32,32,1000000000,1024,1,No,1,1,0.7041947618578761,0.16895040430508923,2,22,0.02352774690909091,0.002948851720610221,0.023519867636940698,0.0029509702866081923,42517246076.222946
bloom_filter_fpr,0,NVIDIA B200,U64,U32,32,1000000000,1024,2,No,0.245526632,2,0.6926609694312447,0.1701104216934542,2,21,0.024706141000000004,0.020692822227340264,0.024698899677821573,0.020706284808714098,40487633580.61461
bloom_filter_fpr,0,NVIDIA B200,U64,U32,32,1000000000,1024,3,No,0.102376693,3,0.6826946988388175,0.1706368113282775,2,20,0.025437417650000006,0.02675110893989985,0.025429772853851323,0.02676434281908311,39323984753.90041
bloom_filter_fpr,0,NVIDIA B200,U64,U32,32,1000000000,1024,4,No,0.051175458,4,0.6749567725051056,0.1699399500258963,2,20,0.02577041855,0.024451998990037808,0.025762939453125,0.024455719557643328,38815446576.6406
bloom_filter_fpr,0,NVIDIA B200,U64,U32,32,1000000000,1024,5,No,0.029648699,5,0.6666229001306914,0.17048433590408055,2,20,0.026134591800000002,0.02934896864039286,0.026127011108398435,0.02936556384289296,38274565577.022835
bloom_filter_fpr,0,NVIDIA B200,U64,U32,32,1000000000,1024,6,No,0.019381928,6,0.6592085289877019,0.17046312680860787,2,19,0.026471897999999997,0.023736542988454273,0.026464538975765832,0.023743990832108264,37786413015.38342
bloom_filter_fpr,0,NVIDIA B200,U64,U32,32,1000000000,1024,7,No,0.013951872,7,0.6508326404706843,0.17035787344287223,2,19,0.02678493915789474,0.025782967588453103,0.02677721133985018,0.025798383924187696,37345188313.608574
bloom_filter_fpr,0,NVIDIA B200,U64,U32,32,1000000000,1024,8,No,0.01083756,8,0.6463792027426031,0.17020280340051616,2,19,0.026919838684210527,0.02468887024143837,0.026911833311382093,0.0246939585525562,37158375218.42333
bloom_filter_fpr,0,NVIDIA B200,U64,U32,32,1000000000,1024,9,No,0.008934994,9,0.6338134807790067,0.17014984584723825,2,19,0.027288863789473688,0.024679911976121436,0.027281163667377668,0.02468383876454671,36655327910.21603
bloom_filter_fpr,0,NVIDIA B200,U64,U32,32,1000000000,1024,10,No,0.007715802,10,0.6222579522255177,0.17023498446890772,2,19,0.027621735421052635,0.02318359016849473,0.027613613530209184,0.02318838500118955,36214021714.54323
bloom_filter_fpr,0,NVIDIA B200,U64,U32,32,1000000000,1024,11,No,0.006920174,11,0.6080398317706092,0.17004715563533682,2,18,0.028064903666666672,0.021925101430738125,0.028056970702277282,0.021931874467069495,35641766554.60647
bloom_filter_fpr,0,NVIDIA B200,U64,U32,32,1000000000,1024,12,No,0.006385854,12,0.6073776973221214,0.16994309458551235,2,18,0.028153291722222227,0.021476595416540654,0.028145189391242127,0.021479870162536108,35530050485.68505
bloom_filter_fpr,0,NVIDIA B200,U64,U32,32,1000000000,1024,13,No,0.006035039,13,0.5845734697902225,0.1694476914457509,2,18,0.028779112055555556,0.017977515027914052,0.02877136188083225,0.01798315540871867,34756783642.77255
bloom_filter_fpr,0,NVIDIA B200,U64,U32,32,1000000000,1024,14,No,0.005807857,14,0.5672420727300047,0.16908501407258178,2,18,0.029417180222222235,0.012065707719470206,0.029409041722615565,0.012080703855555198,34003148060.10832
bloom_filter_fpr,0,NVIDIA B200,U64,U32,32,1000000000,1024,15,No,0.005677313,15,0.5513850867715635,0.16874700939846032,2,17,0.030096969,0.0033253295495576066,0.030089024263269752,0.0033271326418899336,33234710147.13891
bloom_filter_fpr,0,NVIDIA B200,U64,U32,32,1000000000,1024,16,No,0.005614848,16,0.5526395619930765,0.16873266152076674,2,17,0.03008546211764706,0.0057484624157911005,0.030077063616584333,0.005748502625322134,33247926484.705284
bloom_filter_fpr,0,NVIDIA B200,U64,U32,32,1000000000,1024,17,No,0.005608063,17,0.5332968768784098,0.16833813335393066,2,17,0.03105885252941177,0.00014667180994295078,0.031050650428323185,0.0001523673937080455,32205444530.32904
bloom_filter_fpr,0,NVIDIA B200,U64,U32,32,1000000000,1024,18,No,0.005640431,18,0.5201859011112382,0.16808566463865138,2,16,0.03183849618750001,0.00016427050956009155,0.03183034992218017,0.0001660597653553135,31416556916.42822
bloom_filter_fpr,0,NVIDIA B200,U64,U32,32,1000000000,1024,19,No,0.005711388,19,0.5079601771700458,0.16793167098827047,2,16,0.032606587125,0.00019309681553792706,0.03259852147102355,0.0002014623982705914,30676237905.111385
bloom_filter_fpr,0,NVIDIA B200,U64,U32,32,1000000000,1024,20,No,0.005812953,20,0.509704802223261,0.1682056258835251,2,16,0.03249753775,0.00017661824663387318,0.032489141941070554,0.00016954139536767883,30779514023.910503
bloom_filter_fpr,0,NVIDIA B200,U64,U32,64,1000000000,1024,1,No,0.233361215,2,0.5584739386429964,0.050902229632956694,2,17,0.02963526505882353,0.00018536881870222864,0.02962764829747817,0.00018894109483125158,33752257012.08008
bloom_filter_fpr,0,NVIDIA B200,U64,U32,64,1000000000,1024,2,No,0.040884862,4,0.517356309708222,0.05090180261492934,2,16,0.032000477875,7.532520586901987e-05,0.03199239802360535,7.325926473219118e-05,31257425569.10418
bloom_filter_fpr,0,NVIDIA B200,U64,U32,64,1000000000,1024,3,No,0.011366294,6,0.46011282089121225,0.050896897333324406,2,14,0.0359884175,0.00021407865362408292,0.03597952733721053,0.00014310544826759392,27793583574.006157
bloom_filter_fpr,0,NVIDIA B200,U64,U32,64,1000000000,1024,4,No,0.004559027,8,0.42945555439936484,0.05093298424774583,2,13,0.03858299230769231,6.635991984626412e-05,0.038573851071871244,6.479809473855081e-05,25924297735.706722
bloom_filter_fpr,0,NVIDIA B200,U64,U32,64,1000000000,1024,5,No,0.002402763,10,0.3854126587648461,0.05092062805505795,2,12,0.04297343016666667,0.00011402621966958731,0.042964890480041505,0.00010384221005320747,23274817853.06843
bloom_filter_fpr,0,NVIDIA B200,U64,U32,64,1000000000,1024,6,No,0.001539774,12,0.36214211099876903,0.05095099676471872,2,11,0.045735671727272734,7.808449100565727e-05,0.04572729908336293,7.589025794352797e-05,21868774671.710983
bloom_filter_fpr,0,NVIDIA B200,U64,U32,64,1000000000,1024,7,No,0.001138704,14,0.3297509792788882,0.05094881641583499,2,11,0.05022934554545455,5.423968717047779e-05,0.05022079675847834,5.700453046521856e-05,19912069591.59163
bloom_filter_fpr,0,NVIDIA B200,U64,U32,64,1000000000,1024,8,No,0.000929236,16,0.31232758661469945,0.050982474071956,2,11,0.05302987236363636,3.755324542157353e-05,0.05302131826227361,3.959388616152828e-05,18860338308.705017
bloom_filter_fpr,0,NVIDIA B200,U64,U32,64,1000000000,1024,9,No,0.000815239,18,0.2878515055493495,0.05096503007208055,2,11,0.05754765399999999,3.081267908052062e-05,0.057538839513605285,2.197895593242974e-05,17379564976.51549
bloom_filter_fpr,0,NVIDIA B200,U64,U32,64,1000000000,1024,10,No,0.000756408,20,0.27435551768851746,0.05100704521969629,2,11,0.060405591545454544,0.0015835839277148222,0.0603968672318892,0.0015797734310164747,16557150160.795189
bloom_filter_fpr,0,NVIDIA B200,U64,U32,64,1000000000,1024,11,No,0.000728774,22,0.2552354286124405,0.05100583320631938,2,11,0.06490475336363635,3.0571512697530226e-05,0.0648956361250444,2.816167605870734e-05,15409356617.957273
bloom_filter_fpr,0,NVIDIA B200,U64,U32,64,1000000000,1024,12,No,0.000724214,24,0.24445558189233832,0.05102758074708759,2,11,0.06776302254545455,3.521251528564244e-05,0.06775391942804511,3.1244894773841704e-05,14759293756.607002
bloom_filter_fpr,0,NVIDIA B200,U64,U32,64,1000000000,1024,13,No,0.000736223,26,0.22916478489749015,0.05100513397805381,2,11,0.07228588781818183,3.0441928644092294e-05,0.07227678680419923,3.418404855406974e-05,13835700841.392422
bloom_filter_fpr,0,NVIDIA B200,U64,U32,64,1000000000,1024,14,No,0.000758261,28,0.22042358666762701,0.05102935997921536,2,11,0.07515635809090909,3.390964568529117e-05,0.0751467312899503,3.46050147346169e-05,13307298705.269625
bloom_filter_fpr,0,NVIDIA B200,U64,U32,64,1000000000,1024,15,No,0.000790636,30,0.20793191872659011,0.051019586125987545,2,11,0.07967443154545455,2.414859253134175e-05,0.07966545243696734,2.1533978852065076e-05,12552492572.50145
bloom_filter_fpr,0,NVIDIA B200,U64,U32,64,1000000000,1024,16,No,0.000833069,32,0.20062196993798836,0.0510287299361779,2,11,0.082577546,2.34600091693942e-05,0.08256757840243253,2.0218365929948498e-05,12111291373.061983
bloom_filter_fpr,0,NVIDIA B200,U64,U32,64,1000000000,1024,17,No,0.000882686,34,0.19025842919407313,0.05101512640562163,2,11,0.08707268036363637,1.8605999102131287e-05,0.08706319704922763,1.7151213096930664e-05,11485909476.016323
bloom_filter_fpr,0,NVIDIA B200,U64,U32,64,1000000000,1024,18,No,0.000938843,36,0.18407752961954016,0.05104670521147288,2,11,0.08999568218181818,3.084466213419355e-05,0.08998630939830433,2.8549245742948066e-05,11112801565.99959
bloom_filter_fpr,0,NVIDIA B200,U64,U32,64,1000000000,1024,19,No,0.001003209,38,0.1753468711225865,0.051019087778300956,2,11,0.09448424963636363,4.4288040232773446e-05,0.09447357871315697,3.6557227233661645e-05,10584970037.35007
bloom_filter_fpr,0,NVIDIA B200,U64,U32,64,1000000000,1024,20,No,0.001072639,40,0.17005809683545686,0.05103620861757402,2,11,0.09745126963636365,0.0009855858785431358,0.09744058158180931,0.000982626356579884,10262664526.07755
bloom_filter_fpr,0,NVIDIA B200,U64,U32,128,1000000000,1024,1,No,0.035732729,4,0.29902857648865905,0.07684257277127945,2,11,0.05539786490909091,3.479219870209294e-05,0.05538863164728338,3.0738082746307916e-05,18054246336.469055
bloom_filter_fpr,0,NVIDIA B200,U64,U32,128,1000000000,1024,2,No,0.002279875,8,0.23745794479446292,0.07741517529867672,2,11,0.06976383563636365,2.48694554671991e-05,0.06975400335138494,2.727459003766172e-05,14336094732.26235
bloom_filter_fpr,0,NVIDIA B200,U64,U32,128,1000000000,1024,3,No,0.000401038,12,0.19590433498273072,0.0774750202618094,2,11,0.08456607272727273,2.7564463297967203e-05,0.08455572856556287,2.9687907649687616e-05,11826519822.658962
bloom_filter_fpr,0,NVIDIA B200,U64,U32,128,1000000000,1024,4,No,0.000139318,16,0.16650918409150683,0.07752514571148476,2,11,0.09950815218181819,2.592698674649584e-05,0.09949720209295099,2.3893655579614148e-05,10050533873.965551
bloom_filter_fpr,0,NVIDIA B200,U64,U32,128,1000000000,1024,5,No,7.4711e-05,20,0.14478706792432056,0.07837954408151603,2,11,0.11444137072727271,1.5026071367421548e-05,0.11443074590509589,1.457701645957094e-05,8738910090.032608
bloom_filter_fpr,0,NVIDIA B200,U64,U32,128,1000000000,1024,6,No,5.2513e-05,24,0.12801568581400213,0.07754527271597911,2,11,0.12943537481818182,1.7077522762358113e-05,0.1294253290349787,1.4859845152436289e-05,7726462875.977997
bloom_filter_fpr,0,NVIDIA B200,U64,U32,128,1000000000,1024,7,No,4.4036e-05,28,0.11471484580108542,0.07752592066547925,2,11,0.14443597954545456,1.7685091649457992e-05,0.14442585893110793,1.7620953453095712e-05,6923967822.6667595
bloom_filter_fpr,0,NVIDIA B200,U64,U32,128,1000000000,1024,8,No,4.1076e-05,32,0.10392726108095479,0.07756877550421101,2,11,0.15943533736363638,1.812200957835941e-05,0.15942475891113278,1.6304875766369968e-05,6272551433.227659
bloom_filter_fpr,0,NVIDIA B200,U64,U32,128,1000000000,1024,9,No,4.0696e-05,36,0.09498172519827114,0.07754792484108548,2,11,0.17446362954545458,1.1372447365487932e-05,0.17445359802246094,1.3458768086802742e-05,5732183293.068279
bloom_filter_fpr,0,NVIDIA B200,U64,U32,128,1000000000,1024,10,No,4.3356e-05,40,0.08745056391163819,0.07760525379181044,2,11,0.18953309409090907,0.0005042731997329203,0.1895227716619318,0.0005048931505882055,5276410803.994502
bloom_filter_fpr,0,NVIDIA B200,U64,U32,128,1000000000,1024,11,No,4.7431e-05,44,0.08102067360394045,0.07759233288532168,2,11,0.204548428,1.146805354498835e-05,0.204537992997603,9.773700182057839e-06,4889067235.600181
bloom_filter_fpr,0,NVIDIA B200,U64,U32,128,1000000000,1024,12,No,5.2876e-05,48,0.07546395836584938,0.07761609054606829,2,11,0.2196409434545455,0.00043225138970983665,0.2196302601207386,0.0004323134223653526,4553106659.575344
bloom_filter_fpr,0,NVIDIA B200,U64,U32,128,1000000000,1024,13,No,5.9481e-05,52,0.07063559414572025,0.07764500790758433,2,11,0.23464641309090908,1.0385576274018354e-05,0.23463565618341622,1.1068384181109468e-05,4261926836.97781
bloom_filter_fpr,0,NVIDIA B200,U64,U32,128,1000000000,1024,14,No,6.8941e-05,56,0.06637674588723104,0.07767346019011061,2,11,0.2497282393636364,0.0003867799268374486,0.24971672335537998,0.0003862319528833042,4004537567.861915
bloom_filter_fpr,0,NVIDIA B200,U64,U32,128,1000000000,1024,15,No,7.8643e-05,60,0.06260903388338936,0.07766253901887478,2,11,0.26472243636363635,1.2704072956425381e-05,0.2647109402743253,8.868134988802441e-06,3777705594.5012317
bloom_filter_fpr,0,NVIDIA B200,U64,U32,128,1000000000,1024,16,No,9.0708e-05,64,0.05926093102403569,0.07770984598704539,2,11,0.27973823409090914,0.000343340160399723,0.27972744196111504,0.00034362482295827873,3574908464.4294934
bloom_filter_fpr,0,NVIDIA B200,U64,U32,128,1000000000,1024,17,No,0.000104827,68,0.056235299691957855,0.07770221115210277,2,11,0.29477087554545456,0.0003245052775294123,0.29476028997247866,0.0003239415392129398,3392587244.68404
bloom_filter_fpr,0,NVIDIA B200,U64,U32,128,1000000000,1024,18,No,0.000120009,72,0.053518472206671365,0.07773659336547084,2,11,0.3097121412727273,1.124137010669771e-05,0.3097013438831676,1.1571927744449137e-05,3228917212.5040636
bloom_filter_fpr,0,NVIDIA B200,U64,U32,128,1000000000,1024,19,No,0.000137535,76,0.051054492269015525,0.07772938212730655,2,11,0.3247081670909091,0.0002979154311051971,0.3246969410289418,0.00029760052428066036,3079794952.2747893
bloom_filter_fpr,0,NVIDIA B200,U64,U32,128,1000000000,1024,20,No,0.000157881,80,0.0488127175289301,0.07776618783924244,2,11,0.33963208254545457,0.0002824124605068545,0.33962066095525567,0.0002828848510162905,2944461615.4602795
bloom_filter_fpr,0,NVIDIA B200,U64,U32,256,1000000000,1024,1,No,0.000749813,8,0.12521055978330115,0.10064160740164692,2,11,0.1323353910909091,5.8626761271023823e-05,0.132325063532049,5.9485311835493216e-05,7557147325.743025
bloom_filter_fpr,0,NVIDIA B200,U64,U32,256,1000000000,1024,2,No,1.2868e-05,16,0.08621630610606554,0.10107208646488669,2,11,0.1922459080909091,0.0004993730099459737,0.19223510880903766,0.0004988697834802429,5201963398.857485
bloom_filter_fpr,0,NVIDIA B200,U64,U32,256,1000000000,1024,3,No,1.668e-06,24,0.06569275591579446,0.10129345937502449,2,11,0.2523133570909091,1.2118855136261689e-05,0.25230223083496095,8.625516866817537e-06,3963500428.39745
bloom_filter_fpr,0,NVIDIA B200,U64,U32,256,1000000000,1024,4,No,5.92e-07,32,0.053038252207048234,0.10145930251425547,2,11,0.3125680881818182,0.0003083329326728178,0.3125570623224432,0.00030871527454015915,3199415788.4948707
bloom_filter_fpr,0,NVIDIA B200,U64,U32,256,1000000000,1024,5,No,4.09e-07,40,0.04446150312436171,0.10151852083997703,2,11,0.37285312981818186,0.00025756400099596015,0.37284222412109375,0.00025742590890846844,2682099653.163786
bloom_filter_fpr,0,NVIDIA B200,U64,U32,256,1000000000,1024,6,No,3.84e-07,48,0.03828052828265483,0.10160855528335831,2,11,0.4331210694545455,0.00022503638793099542,0.4331097328879617,0.00022530422213507984,2308883694.0514646
bloom_filter_fpr,0,NVIDIA B200,U64,U32,256,1000000000,1024,7,No,3.85e-07,56,0.03361423047488875,0.10163555609909845,2,11,0.4933141812727273,0.0001923159440436472,0.49330259011008515,0.0001922634763475189,2027153353.8407745
bloom_filter_fpr,0,NVIDIA B200,U64,U32,256,1000000000,1024,8,No,4.5e-07,64,0.029968515658680972,0.10171213359227348,2,11,0.5534014978181818,0.00018001612325953584,0.553389931418679,0.0001801553760298427,1807044080.900396
bloom_filter_fpr,0,NVIDIA B200,U64,U32,256,1000000000,1024,9,No,5.83e-07,72,0.027043135835917834,0.10171970693699034,2,11,0.6132985892727273,0.0001582842619391876,0.6132866654829545,0.00015734282763219155,1630558850.0159452
bloom_filter_fpr,0,NVIDIA B200,U64,U32,256,1000000000,1024,10,No,8.33e-07,80,0.024642164130900177,0.10178627804093782,2,11,0.6731100042727275,0.00014033728075300828,0.6730977561257102,0.00014106842906502586,1485668301.3711255
bloom_filter_fpr,0,NVIDIA B200,U64,U32,256,1000000000,1024,11,No,1.067e-06,88,0.02263293699828572,0.10182326378978479,2,11,0.7329094074545456,0.00013150178601136612,0.732897472034801,0.00013164377889989676,1364447331.5259516
bloom_filter_fpr,0,NVIDIA B200,U64,U32,256,1000000000,1024,12,No,1.366e-06,96,0.02092355096296573,0.10168803355607664,2,11,0.7926945830000001,0.00012114706338945563,0.7926815906871447,0.00012148686029577634,1261540587.9845638
bloom_filter_fpr,0,NVIDIA B200,U64,U32,256,1000000000,1024,13,No,1.844e-06,104,0.019459552740037293,0.10190829482541354,2,11,0.852543030909091,0.00015003584462762643,0.8525306618430398,0.00014989775368783872,1172978339.3809605
bloom_filter_fpr,0,NVIDIA B200,U64,U32,256,1000000000,1024,14,No,2.446e-06,112,0.01818299347255468,0.10196781400907523,2,11,0.9123999497272728,0.00013772670961652482,0.9123874178799717,0.00013806799760304956,1096025636.043519
bloom_filter_fpr,0,NVIDIA B200,U64,U32,256,1000000000,1024,15,No,3.196e-06,120,0.017064173324172267,0.10201458673295882,2,11,0.9723235290000001,0.00013505876555233248,0.9723108797940341,0.0001350920694909403,1028477641.0316743
bloom_filter_fpr,0,NVIDIA B200,U64,U32,256,1000000000,1024,16,No,3.986e-06,128,0.016074926939015678,0.1020924107281536,2,11,1.032259966,0.00012809643532777243,1.032247159090909,0.00012790695590932853,968760234.5940977
bloom_filter_fpr,0,NVIDIA B200,U64,U32,256,1000000000,1024,17,No,5.242e-06,136,0.015193262730883948,0.10211955490075443,2,11,1.0922270184545455,8.624176551239458e-05,1.0922143332741479,8.632527537954604e-05,915571211.1946787
bloom_filter_fpr,0,NVIDIA B200,U64,U32,256,1000000000,1024,18,No,6.55e-06,144,0.01441297648142669,0.10303123034506663,2,11,1.1522887383636364,0.00011067747908069327,1.152276356090199,0.0001102887674446724,867847365.5340031
bloom_filter_fpr,0,NVIDIA B200,U64,U32,256,1000000000,1024,19,No,8.008e-06,152,0.013687016479335618,0.10215676349593579,2,11,1.212366568,0.00010430618446843707,1.2123534823330966,0.00010444513679115466,824841941.3746922
bloom_filter_fpr,0,NVIDIA B200,U64,U32,256,1000000000,1024,20,No,9.834e-06,160,0.013043153234067446,0.10223097643554617,2,11,1.272421204181818,0.00010030823896987984,1.2724049183238635,0.00010070195291171711,785913340.6347549
bloom_filter_fpr,0,NVIDIA B200,U64,U32,512,1000000000,1024,1,No,1.446e-06,16,0.043964105260980574,0.13519251320216674,2,11,0.37708136572727274,0.00024992966597768226,0.3770696466619318,0.00025075879615232263,2652029960.121842
bloom_filter_fpr,0,NVIDIA B200,U64,U32,512,1000000000,1024,2,No,8e-09,32,0.026820586797116103,0.1361337644232966,2,11,0.6183701862727274,0.0001551130052282107,0.6183580488725141,0.0001549442252367576,1617186032.9518707
bloom_filter_fpr,0,NVIDIA B200,U64,U32,512,1000000000,1024,3,No,1e-09,48,0.019309586983622257,0.1372423190455929,2,11,0.8597610664545456,0.00011011514357763954,0.8597473255504261,0.00011044033368976902,1163132434.7066524
bloom_filter_fpr,0,NVIDIA B200,U64,U32,512,1000000000,1024,4,No,0,64,0.015076497532887041,0.13639032694827943,2,11,1.1005448197272727,8.427200643045688e-05,1.1005290749289771,8.49009958832752e-05,908653867.290635
bloom_filter_fpr,0,NVIDIA B200,U64,U32,512,1000000000,1024,5,No,1e-09,80,0.012379666356500863,0.13667454802638193,2,11,1.3406256482727275,9.66325620872447e-05,1.3406106511896305,9.601452773782667e-05,745928729.6521331
bloom_filter_fpr,0,NVIDIA B200,U64,U32,512,1000000000,1024,6,No,2e-09,96,0.010502548503060318,0.13667246219107362,2,10,1.5805475638000002,8.708367073856635e-05,1.5805326293945314,8.731743662746361e-05,632698105.3109158
bloom_filter_fpr,0,NVIDIA B200,U64,U32,512,1000000000,1024,7,No,2e-09,112,0.00911961034966648,0.13665252832395375,2,9,1.820597823,8.81332233492005e-05,1.82058203125,8.809139197382306e-05,549274892.7733877
bloom_filter_fpr,0,NVIDIA B200,U64,U32,512,1000000000,1024,8,No,1e-09,128,0.008058250916975986,0.13651917603826755,2,8,2.06075623375,7.004412168344145e-05,2.0607394409179687,7.017874587992014e-05,485262707.23218846
bloom_filter_fpr,0,NVIDIA B200,U64,U32,512,1000000000,1024,9,No,5e-09,144,0.007216784976588041,0.13670141064527816,2,7,2.3011173750000005,7.094669477133765e-05,2.3011005859374998,7.100059864947014e-05,434574657.9316029
bloom_filter_fpr,0,NVIDIA B200,U64,U32,512,1000000000,1024,10,No,6e-09,160,0.006541615505248142,0.13761502124137295,2,6,2.5415332550000005,6.234159814416695e-05,2.5415151774088542,6.251930300056007e-05,393466074.4460035
bloom_filter_fpr,0,NVIDIA B200,U64,U32,512,1000000000,1024,11,No,8e-09,176,0.005972000012329114,0.13662994496898279,2,6,2.7820262568333334,5.9332875668704045e-05,2.782008341471354,5.958979853308629e-05,359452552.70914036
bloom_filter_fpr,0,NVIDIA B200,U64,U32,512,1000000000,1024,12,No,1.7e-08,192,0.005497547333963578,0.13671524078993072,2,5,3.0226490772,5.8596331202195545e-05,3.022630224609375,5.8661478894587024e-05,330837689.5917639
bloom_filter_fpr,0,NVIDIA B200,U64,U32,512,1000000000,1024,13,No,3.1e-08,208,0.005092436036059028,0.13671820492002895,2,5,3.2632099718000007,5.408532373649302e-05,3.2631915039062505,5.412815029557096e-05,306448456.61155206
bloom_filter_fpr,0,NVIDIA B200,U64,U32,512,1000000000,1024,14,No,7.2e-08,224,0.0047438713874434395,0.13678507872842594,2,5,3.5037832858,5.4737958118471796e-05,3.5037642578124997,5.457914413866045e-05,285407329.49434465
bloom_filter_fpr,0,NVIDIA B200,U64,U32,512,1000000000,1024,15,No,1.2e-07,240,0.004442912164327278,0.13779840657732995,2,5,3.7443753319999997,4.178989073259456e-05,3.7443550292968752,4.170750721142265e-05,267068691.98452654
bloom_filter_fpr,0,NVIDIA B200,U64,U32,512,1000000000,1024,16,No,1.41e-07,256,0.0041751171647390764,0.13787462573811088,2,4,3.9849107400000006,inf,3.98489013671875,inf,250947947.29357907
bloom_filter_fpr,0,NVIDIA B200,U64,U32,512,1000000000,1024,17,No,2.05e-07,272,0.003934537205926795,0.13689536323011206,2,4,4.2257190947500005,inf,4.225696411132812,inf,236647383.69880265
bloom_filter_fpr,0,NVIDIA B200,U64,U32,512,1000000000,1024,18,No,2.92e-07,288,0.0037230050406831137,0.13696568449952395,2,4,4.466475396,inf,4.466454223632812,inf,223891245.70197544
bloom_filter_fpr,0,NVIDIA B200,U64,U32,512,1000000000,1024,19,No,3.26e-07,304,0.003533199585147936,0.13702831822034725,2,4,4.707207313750001,inf,4.707184448242187,inf,212441218.52361912
bloom_filter_fpr,0,NVIDIA B200,U64,U32,512,1000000000,1024,20,No,4.56e-07,320,0.003364603388170023,0.1381341936964508,2,4,4.9481248995,inf,4.948102661132812,inf,202097666.2135505
bloom_filter_fpr,0,NVIDIA B200,U64,U64,32,1000000000,1024,1,Yes,,,,,,,,,,,
bloom_filter_fpr,0,NVIDIA B200,U64,U64,32,1000000000,1024,2,Yes,,,,,,,,,,,
bloom_filter_fpr,0,NVIDIA B200,U64,U64,32,1000000000,1024,3,Yes,,,,,,,,,,,
bloom_filter_fpr,0,NVIDIA B200,U64,U64,32,1000000000,1024,4,Yes,,,,,,,,,,,
bloom_filter_fpr,0,NVIDIA B200,U64,U64,32,1000000000,1024,5,Yes,,,,,,,,,,,
bloom_filter_fpr,0,NVIDIA B200,U64,U64,32,1000000000,1024,6,Yes,,,,,,,,,,,
bloom_filter_fpr,0,NVIDIA B200,U64,U64,32,1000000000,1024,7,Yes,,,,,,,,,,,
bloom_filter_fpr,0,NVIDIA B200,U64,U64,32,1000000000,1024,8,Yes,,,,,,,,,,,
bloom_filter_fpr,0,NVIDIA B200,U64,U64,32,1000000000,1024,9,Yes,,,,,,,,,,,
bloom_filter_fpr,0,NVIDIA B200,U64,U64,32,1000000000,1024,10,Yes,,,,,,,,,,,
bloom_filter_fpr,0,NVIDIA B200,U64,U64,32,1000000000,1024,11,Yes,,,,,,,,,,,
bloom_filter_fpr,0,NVIDIA B200,U64,U64,32,1000000000,1024,12,Yes,,,,,,,,,,,
bloom_filter_fpr,0,NVIDIA B200,U64,U64,32,1000000000,1024,13,Yes,,,,,,,,,,,
bloom_filter_fpr,0,NVIDIA B200,U64,U64,32,1000000000,1024,14,Yes,,,,,,,,,,,
bloom_filter_fpr,0,NVIDIA B200,U64,U64,32,1000000000,1024,15,Yes,,,,,,,,,,,
bloom_filter_fpr,0,NVIDIA B200,U64,U64,32,1000000000,1024,16,Yes,,,,,,,,,,,
bloom_filter_fpr,0,NVIDIA B200,U64,U64,32,1000000000,1024,17,Yes,,,,,,,,,,,
bloom_filter_fpr,0,NVIDIA B200,U64,U64,32,1000000000,1024,18,Yes,,,,,,,,,,,
bloom_filter_fpr,0,NVIDIA B200,U64,U64,32,1000000000,1024,19,Yes,,,,,,,,,,,
bloom_filter_fpr,0,NVIDIA B200,U64,U64,32,1000000000,1024,20,Yes,,,,,,,,,,,
bloom_filter_fpr,0,NVIDIA B200,U64,U64,64,1000000000,1024,1,No,1,1,0.6849020879730674,0.17039417912960098,2,21,0.02416239561904762,0.0002944594914800215,0.024154375621250695,0.00025352467419626005,41400366363.443214
bloom_filter_fpr,0,NVIDIA B200,U64,U64,64,1000000000,1024,2,No,0.233361215,2,0.678669449741308,0.17039713301503465,2,21,0.025010568238095242,0.020324351937251593,0.025003070649646575,0.02033313934617868,39995087563.940285
bloom_filter_fpr,0,NVIDIA B200,U64,U64,64,1000000000,1024,3,No,0.091443978,3,0.6705543429276439,0.17030498313111295,2,20,0.0257950475,0.02617181144881697,0.025787152004241937,0.02617376284716804,38779001257.506134
bloom_filter_fpr,0,NVIDIA B200,U64,U64,64,1000000000,1024,4,No,0.040884862,4,0.6669026793658367,0.17010701495861394,2,20,0.026127434450000004,0.02573945284752853,0.026119473361968997,0.025747660262929423,38285611127.82772
bloom_filter_fpr,0,NVIDIA B200,U64,U64,64,1000000000,1024,5,No,0.020466505,5,0.653658444271178,0.17012552186286978,2,19,0.026612051421052635,0.025077888790840823,0.026604512064080498,0.025085803560769917,37587609108.9875
bloom_filter_fpr,0,NVIDIA B200,U64,U64,64,1000000000,1024,6,No,0.011366294,6,0.6409737600159541,0.17014089762338055,2,19,0.02701925110526316,0.023229673838560092,0.027011166421990647,0.023237526138484232,37021725917.98436
bloom_filter_fpr,0,NVIDIA B200,U64,U64,64,1000000000,1024,7,No,0.006915375,7,0.6269534717082763,0.17018584856436964,2,19,0.027444876421052634,0.02172141018633846,0.02743645477294922,0.021712724772207426,36447857723.438194
bloom_filter_fpr,0,NVIDIA B200,U64,U64,64,1000000000,1024,8,No,0.004559027,8,0.6212781965725472,0.1701172040687756,2,19,0.027638763368421054,0.021638336347785964,0.027630745235242345,0.02164536675840289,36191568178.35388
bloom_filter_fpr,0,NVIDIA B200,U64,U64,64,1000000000,1024,9,No,0.003217952,9,0.6016253030427174,0.17005116483469462,2,18,0.028190828833333334,0.01935478509694927,0.02818307738833957,0.01935801329712518,35482285565.22854
bloom_filter_fpr,0,NVIDIA B200,U64,U64,64,1000000000,1024,10,No,0.002402763,10,0.5857014152295372,0.17016926087344164,2,18,0.028715066166666674,0.017618727753991578,0.02870708433787028,0.01763340742534064,34834606964.274796
bloom_filter_fpr,0,NVIDIA B200,U64,U64,64,1000000000,1024,11,No,0.001883718,11,0.5711526728681563,0.17024184851542482,2,18,0.02926901955555556,0.014132650978079114,0.029261333359612358,0.014136026812321113,34174792642.232746
bloom_filter_fpr,0,NVIDIA B200,U64,U64,64,1000000000,1024,12,No,0.001539774,12,0.5657658134091181,0.1702312043586069,2,17,0.029457413823529413,0.010955621461758637,0.029448929954977596,0.010960456944261949,33957091192.407665
bloom_filter_fpr,0,NVIDIA B200,U64,U64,64,1000000000,1024,13,No,0.001305863,13,0.5478053863068252,0.17018027707161615,2,17,0.03029794011764706,0.0038874174630131246,0.030290206123800838,0.0038959850993145894,33013971443.866795
bloom_filter_fpr,0,NVIDIA B200,U64,U64,64,1000000000,1024,14,No,0.001138704,14,0.5333535294444475,0.17028337483329983,2,17,0.03105128682352941,5.799512601024964e-05,0.031043247110703415,6.211538910468095e-05,32213125013.433582
bloom_filter_fpr,0,NVIDIA B200,U64,U64,64,1000000000,1024,15,No,0.001017745,15,0.5203535542814407,0.17047168768081494,2,16,0.03182748606250001,5.7799694246179635e-05,0.03181978797912598,7.357007936493448e-05,31426985014.985252
bloom_filter_fpr,0,NVIDIA B200,U64,U64,64,1000000000,1024,16,No,0.000929236,16,0.5162155735602905,0.17040805622682872,2,16,0.0320833619375,5.686366131044175e-05,0.032075057983398436,5.795080172405134e-05,31176872712.67241
bloom_filter_fpr,0,NVIDIA B200,U64,U64,64,1000000000,1024,17,No,0.000863614,17,0.5004638376908879,0.170502700942961,2,16,0.0330943429375,3.1973580322383234e-05,0.03308629417419434,3.478136694200708e-05,30223995311.628162
bloom_filter_fpr,0,NVIDIA B200,U64,U64,64,1000000000,1024,18,No,0.000815239,18,0.4878822723230143,0.17064432128535775,2,15,0.03394995426666667,9.004979275356823e-05,0.033941414388020834,9.96762854603981e-05,29462531778.07866
bloom_filter_fpr,0,NVIDIA B200,U64,U64,64,1000000000,1024,19,No,0.000780431,19,0.4766440302376496,0.17076165461350176,2,15,0.03474943353333334,5.20028029163425e-05,0.034741382344563795,4.909758229455176e-05,28784116592.772144
bloom_filter_fpr,0,NVIDIA B200,U64,U64,64,1000000000,1024,20,No,0.000756408,20,0.47326972334126904,0.17083846340475933,2,15,0.03499743053333334,5.85270637764493e-05,0.03498910929361979,5.388399369845201e-05,28580321711.200245
bloom_filter_fpr,0,NVIDIA B200,U64,U64,128,1000000000,1024,1,No,0.227286924,2,0.5531787736877407,0.05089509505851107,2,17,0.02992103835294117,9.290524264491525e-05,0.029913249857285443,9.159792638269581e-05,33430001914.56789
bloom_filter_fpr,0,NVIDIA B200,U64,U64,128,1000000000,1024,2,No,0.035732729,4,0.5005584212214502,0.05090270809628205,2,16,0.0330798021875,7.867924981508462e-05,0.033071717977523805,8.278044089706685e-05,30237316388.571644
bloom_filter_fpr,0,NVIDIA B200,U64,U64,128,1000000000,1024,3,No,0.007794545,6,0.44140161877762407,0.05088619632700097,2,14,0.037519040571428575,8.83498949785815e-05,0.03751069041660854,8.24100487015087e-05,26659066759.19865
bloom_filter_fpr,0,NVIDIA B200,U64,U64,128,1000000000,1024,4,No,0.002279875,8,0.4039572521693578,0.05092429311698237,2,13,0.04099984723076923,6.867955727079956e-05,0.04099095153808593,6.725740839903335e-05,24395627875.84645
bloom_filter_fpr,0,NVIDIA B200,U64,U64,128,1000000000,1024,5,No,0.000860674,10,0.36192308030998627,0.05091215906677379,2,11,0.04576958845454546,7.346179679711198e-05,0.04576071548461915,7.335142443846706e-05,21852805171.63493
bloom_filter_fpr,0,NVIDIA B200,U64,U64,128,1000000000,1024,6,No,0.000401038,12,0.33540853046926217,0.0509452397138911,2,11,0.04939018563636363,4.8257998680403175e-05,0.04938136742331765,4.663982481520411e-05,20250553036.079044
bloom_filter_fpr,0,NVIDIA B200,U64,U64,128,1000000000,1024,7,No,0.0002208,14,0.3052927541991676,0.05094224812820216,2,11,0.054263207272727286,8.588353308129432e-05,0.05425413790616122,8.354979577878305e-05,18431773844.22945
bloom_filter_fpr,0,NVIDIA B200,U64,U64,128,1000000000,1024,8,No,0.000139318,16,0.28592264043598037,0.050970920189468666,2,11,0.05797082736363637,0.0016277252595817153,0.05796137064153497,0.0016282028862052893,17252870125.942165
bloom_filter_fpr,0,NVIDIA B200,U64,U64,128,1000000000,1024,9,No,9.8039e-05,18,0.26359533710663313,0.05095855089409078,2,11,0.06284815918181819,8.535142897993387e-05,0.06283872535011985,8.531473402744082e-05,15913753731.131226
bloom_filter_fpr,0,NVIDIA B200,U64,U64,128,1000000000,1024,10,No,7.4711e-05,20,0.24888393133855277,0.0509961650708459,2,11,0.06656354663636364,7.043329998849586e-05,0.06655387046120384,7.820747738551524e-05,15025422159.075312
bloom_filter_fpr,0,NVIDIA B200,U64,U64,128,1000000000,1024,11,No,6.0471e-05,22,0.2318170359516637,0.05098814645950486,2,11,0.07147033445454545,0.00010473861521240149,0.07146028206565162,0.0001036193054595887,13993787473.17685
bloom_filter_fpr,0,NVIDIA B200,U64,U64,128,1000000000,1024,12,No,5.2513e-05,24,0.22034672220072798,0.05102499044038076,2,11,0.07519503981818182,0.00010827284333301492,0.0751847416270863,0.00010853855051312269,13300571078.10472
bloom_filter_fpr,0,NVIDIA B200,U64,U64,128,1000000000,1024,13,No,4.7294e-05,26,0.20679398820832323,0.05100892257112246,2,11,0.08014539845454548,0.0012461357650956693,0.08013522893732244,0.0012485264199696793,12478906134.805546
bloom_filter_fpr,0,NVIDIA B200,U64,U64,128,1000000000,1024,14,No,4.4036e-05,28,0.1976291953693366,0.05105622131601689,2,11,0.08382306227272728,2.7959644136723995e-05,0.08381268726695666,2.5767200487385007e-05,11931367822.807564
bloom_filter_fpr,0,NVIDIA B200,U64,U64,128,1000000000,1024,15,No,4.1946e-05,30,0.18675262021447708,0.051019826728963595,2,11,0.08871436663636365,2.8920920699086572e-05,0.08870500668612392,2.229754895706316e-05,11273320834.509665
bloom_filter_fpr,0,NVIDIA B200,U64,U64,128,1000000000,1024,16,No,4.1076e-05,32,0.17909680740671485,0.051061699285273,2,11,0.09250545163636366,0.00011423739948535017,0.0924955465143377,0.0001034952311983264,10811331330.908894
bloom_filter_fpr,0,NVIDIA B200,U64,U64,128,1000000000,1024,17,No,4.0595e-05,34,0.17017026225475274,0.05104484064933526,2,11,0.097357096,1.882884315685229e-05,0.09734747661243787,1.7948616172035153e-05,10272479932.697426
bloom_filter_fpr,0,NVIDIA B200,U64,U64,128,1000000000,1024,18,No,4.0696e-05,36,0.1637595457572049,0.05109220305461825,2,11,0.10117346381818182,3.3945838399883e-05,0.10116404099897908,3.325364436584817e-05,9884935300.38101
bloom_filter_fpr,0,NVIDIA B200,U64,U64,128,1000000000,1024,19,No,4.1591e-05,38,0.15629111821786312,0.05104792597896398,2,11,0.10600713654545454,2.3752766131788123e-05,0.10599738519841974,2.1063978201243793e-05,9434194986.301497
bloom_filter_fpr,0,NVIDIA B200,U64,U64,128,1000000000,1024,20,No,4.3356e-05,40,0.15081533492655053,0.051102937244267316,2,11,0.1098619721818182,3.375899856346585e-05,0.10985183507745916,3.4333894450266184e-05,9103170641.572588
bloom_filter_fpr,0,NVIDIA B200,U64,U64,256,1000000000,1024,1,No,0.033164428,4,0.2853359751832172,0.07655839696629872,2,11,0.058056612909090914,3.578744819534572e-05,0.05804763412475586,3.883838568071066e-05,17227230964.3284
bloom_filter_fpr,0,NVIDIA B200,U64,U64,256,1000000000,1024,2,No,0.001395765,8,0.22061584281906815,0.07714772574605715,2,11,0.07508843545454545,2.265608613388858e-05,0.07507907798073508,2.3327387945421226e-05,13319289832.736025
bloom_filter_fpr,0,NVIDIA B200,U64,U64,256,1000000000,1024,3,No,0.000130961,12,0.17938526381127956,0.07726315548504419,2,11,0.09235553109090909,2.322804792747382e-05,0.09234610124067827,2.373564373902814e-05,10828827493.147074
bloom_filter_fpr,0,NVIDIA B200,U64,U64,256,1000000000,1024,4,No,2.384e-05,16,0.15101687874342937,0.07733833455819404,2,11,0.10972087163636365,2.00311709863973e-05,0.10971030148592863,2.0636127134258365e-05,9114914337.631817
bloom_filter_fpr,0,NVIDIA B200,U64,U64,256,1000000000,1024,5,No,7.14e-06,20,0.13041863498791817,0.07734973070497929,2,11,0.12705533872727273,1.3882060076442465e-05,0.12704455843838777,1.2548162129614526e-05,7871254088.265146
bloom_filter_fpr,0,NVIDIA B200,U64,U64,256,1000000000,1024,6,No,3.083e-06,24,0.11468170186267543,0.07737232003281151,2,11,0.14449123590909088,1.9053220211631938e-05,0.14448080860484733,2.040697151495559e-05,6921334464.115465
bloom_filter_fpr,0,NVIDIA B200,U64,U64,256,1000000000,1024,7,No,1.672e-06,28,0.1023466905993081,0.07736759294687187,2,11,0.16191168963636365,1.5335018383019954e-05,0.16190176669034093,1.4394224724103817e-05,6176584854.151935
bloom_filter_fpr,0,NVIDIA B200,U64,U64,256,1000000000,1024,8,No,1.102e-06,32,0.09239091969768069,0.0773888060034667,2,11,0.17939378390909091,0.0005319968834711925,0.17938370444557883,0.0005335524081515332,5574642373.958659
bloom_filter_fpr,0,NVIDIA B200,U64,U64,256,1000000000,1024,9,No,9.21e-07,36,0.08420321251361013,0.07738231371952137,2,11,0.19681979545454545,1.0350257208699132e-05,0.19680982277610085,1.0637606899835546e-05,5081047205.340163
bloom_filter_fpr,0,NVIDIA B200,U64,U64,256,1000000000,1024,10,No,7.59e-07,40,0.07731272006050677,0.07737861280523697,2,11,0.21438451063636366,0.00045588831392138265,0.21437434248490764,0.00045641703520476746,4664737339.406193
bloom_filter_fpr,0,NVIDIA B200,U64,U64,256,1000000000,1024,11,No,7.24e-07,44,0.0714694063893902,0.07737644741806392,2,11,0.23188261081818184,1.2786842843966292e-05,0.2318723449707031,1.2364790514194297e-05,4312717845.357321
bloom_filter_fpr,0,NVIDIA B200,U64,U64,256,1000000000,1024,12,No,7.28e-07,48,0.06644018973505461,0.07739049860717985,2,11,0.24945951300000002,0.00038421598721575937,0.24944860284978693,0.0003867346411282818,4008841855.8999925
bloom_filter_fpr,0,NVIDIA B200,U64,U64,256,1000000000,1024,13,No,6.86e-07,52,0.062083600335860384,0.07737868736491689,2,11,0.2669609648181819,9.748538896274192e-06,0.2669502646706321,9.560417939674183e-06,3746016139.8746595
bloom_filter_fpr,0,NVIDIA B200,U64,U64,256,1000000000,1024,14,No,7.37e-07,56,0.058248582574624314,0.07738590560633207,2,11,0.2845588046363636,0.00034055424760770877,0.28454771007191054,0.0003371110212831532,3514349139.366756
bloom_filter_fpr,0,NVIDIA B200,U64,U64,256,1000000000,1024,15,No,8.05e-07,60,0.05486950771594792,0.07736436618905122,2,11,0.302108933,0.0003168689364819775,0.3020980529785156,0.00031659046293324014,3310183531.9379478
bloom_filter_fpr,0,NVIDIA B200,U64,U64,256,1000000000,1024,16,No,8.42e-07,64,0.051859336294850934,0.07739282125483457,2,11,0.3196323710909091,5.567202179324987e-06,0.3196208523837003,6.011554137072023e-06,3128707005.635271
bloom_filter_fpr,0,NVIDIA B200,U64,U64,256,1000000000,1024,17,No,9.4e-07,68,0.049162187278104084,0.0773659518181716,2,11,0.337188034,0.0002876003810406808,0.33717752907492904,0.0002865566798490127,2965796690.970399
bloom_filter_fpr,0,NVIDIA B200,U64,U64,256,1000000000,1024,18,No,1.063e-06,72,0.04673073513418492,0.07738894429664842,2,11,0.3547398168181818,0.00027022649769296685,0.3547296170321378,0.00027092559135157197,2819048514.658989
bloom_filter_fpr,0,NVIDIA B200,U64,U64,256,1000000000,1024,19,No,1.267e-06,76,0.04452952338430829,0.07735038580590164,2,11,0.3722820858181819,0.00026071841749751606,0.3722716258655895,0.00025982827765447865,2686210633.633021
bloom_filter_fpr,0,NVIDIA B200,U64,U64,256,1000000000,1024,20,No,1.528e-06,80,0.042529038273252294,0.0773943943618105,2,11,0.3898045010000001,9.745910391037976e-06,0.3897938759543678,1.0727094431841582e-05,2565458468.4061775
bloom_filter_fpr,0,NVIDIA B200,U64,U64,512,1000000000,1024,1,No,0.000550157,8,0.115507669739665,0.10741838497451316,2,11,0.14344781745454546,2.316806138452204e-05,0.14343765120072796,2.003827269556136e-05,6971670210.916873
bloom_filter_fpr,0,NVIDIA B200,U64,U64,512,1000000000,1024,2,No,2.946e-06,16,0.0777068172830075,0.108002379752812,2,11,0.21327636654545457,1.6382806731353337e-05,0.21326580255681818,1.4313874947783062e-05,4688984300.394717
bloom_filter_fpr,0,NVIDIA B200,U64,U64,512,1000000000,1024,3,No,1.09e-07,24,0.05854066035975461,0.1082035795043946,2,11,0.28312854818181815,1.1016681214846226e-05,0.2831177784312855,1.1064038650677598e-05,3532098922.0134983
bloom_filter_fpr,0,NVIDIA B200,U64,U64,512,1000000000,1024,4,No,1.3e-08,32,0.04694633923713175,0.1084061247402386,2,11,0.3531664094545455,0.00027192179131701056,0.35315502929687503,0.00027196567662500466,2831617609.951587
bloom_filter_fpr,0,NVIDIA B200,U64,U64,512,1000000000,1024,5,No,9e-09,40,0.03917200678519566,0.10850501026710364,2,11,0.4232677834545455,0.0002306473560368947,0.42325707175514915,0.00023080587281840926,2362630341.539791
bloom_filter_fpr,0,NVIDIA B200,U64,U64,512,1000000000,1024,6,No,2e-09,48,0.033603034947304995,0.10874374203801924,2,11,0.4934506576363637,0.00019240719353850287,0.49344043801047577,0.0001927549990914623,2026587046.7202568
bloom_filter_fpr,0,NVIDIA B200,U64,U64,512,1000000000,1024,7,No,2e-09,56,0.029423635995198004,0.10859814846868104,2,11,0.563580238909091,0.00017177846559746548,0.5635696355646307,0.00017124681328069312,1774403617.395244
bloom_filter_fpr,0,NVIDIA B200,U64,U64,512,1000000000,1024,8,No,0,64,0.026173704039032974,0.1086258154556245,2,11,0.6336542706363637,0.0001514854784989304,0.6336426280628552,0.00015140182357057966,1578176649.9156735
bloom_filter_fpr,0,NVIDIA B200,U64,U64,512,1000000000,1024,9,No,0,72,0.023588453829272507,0.10947428872660528,2,11,0.7036719348181819,0.00014101957077116144,0.703659268465909,0.0001406320585133831,1421142369.3461208
bloom_filter_fpr,0,NVIDIA B200,U64,U64,512,1000000000,1024,10,No,1e-09,80,0.02144377004632194,0.10886110909444517,2,11,0.7735198907272728,0.0001703695090984829,0.7735082175514915,0.00017057664355454253,1292811087.5996366
bloom_filter_fpr,0,NVIDIA B200,U64,U64,512,1000000000,1024,11,No,2e-09,88,0.01967266410672925,0.10873785034155149,2,11,0.8432505499090911,0.00011633548665560465,0.8432391135475853,0.00011618961208116488,1185903243.7346354
bloom_filter_fpr,0,NVIDIA B200,U64,U64,512,1000000000,1024,12,No,4e-09,96,0.018172121210600863,0.10900766321670056,2,11,0.9130313633636366,0.00010740450664582264,0.9130184992009941,0.00010743425320656427,1095268059.6013396
bloom_filter_fpr,0,NVIDIA B200,U64,U64,512,1000000000,1024,13,No,7e-09,104,0.016895237638314516,0.10967175485013339,2,11,0.9826733565454546,0.00010194790508139567,0.9826609608043323,0.00010211588473692728,1017644986.3048139
bloom_filter_fpr,0,NVIDIA B200,U64,U64,512,1000000000,1024,14,No,2e-09,112,0.015767196310352182,0.1088836016642354,2,11,1.0524048372727275,0.00012236461121006983,1.0523915682705967,0.0001225296777233253,950216659.0362444
bloom_filter_fpr,0,NVIDIA B200,U64,U64,512,1000000000,1024,15,No,8e-09,120,0.014788153334976935,0.10894607352913856,2,11,1.1221863749090912,0.00011645102120705253,1.1221728848544035,0.00011669249676537005,891128286.4669691
bloom_filter_fpr,0,NVIDIA B200,U64,U64,512,1000000000,1024,16,No,5e-09,128,0.013919088273917114,0.10891355664160658,2,11,1.1920470010000004,0.00010389619592539126,1.1920334472656249,0.00010400455437856297,838902635.0677278
bloom_filter_fpr,0,NVIDIA B200,U64,U64,512,1000000000,1024,17,No,9e-09,136,0.013150856434892912,0.10897614720124019,2,11,1.2618443973636366,9.894351746147229e-05,1.261831065784801,9.888168071767413e-05,792499112.690688
bloom_filter_fpr,0,NVIDIA B200,U64,U64,512,1000000000,1024,18,No,8e-09,144,0.012473343328408442,0.10992275388767209,2,11,1.3316166817272725,0.00010216986935980308,1.3316029940518466,0.00010215094249392922,750974580.6121734
bloom_filter_fpr,0,NVIDIA B200,U64,U64,512,1000000000,1024,19,No,1.6e-08,152,0.011853548143639717,0.11011127826374043,2,11,1.4013566650909093,9.801010038044196e-05,1.4013418412642045,9.778745959623275e-05,713601756.9402349
bloom_filter_fpr,0,NVIDIA B200,U64,U64,512,1000000000,1024,20,No,1.4e-08,160,0.011291857749190462,0.10998232611116229,2,11,1.471122139636364,8.447227491624195e-05,1.4711076549183237,8.469592336185e-05,679759905.1685448
